Mobile,Starting Date,Ending Date,Amount,Bill Status
7517075170,2023-07-18,2023-07-22,60.0,1
7517075170,2023-07-22,2023-07-25,30.0,1
9889992211,2023-07-17,2023-07-20,14.0,1
9889992211,2023-07-20,2023-08-20,-14.0,1
9988776655,2023-07-17,2023-08-17,217.0,1
7517075170,2023-07-25,2023-08-25,450.0,1
9988776655,2023-08-17,2023-07-29,-133.0,1
7517075170,2023-08-25,2023-08-27,30.0,1
7517075170,2023-08-27,2023-08-30,45.0,1
9988776655,2023-08-17,2023-08-26,63.0,1
7517075170,2023-08-30,2023-09-13,210.0,1
9889992211,2023-08-20,2023-08-24,28.0,1
9889992211,2023-08-24,2023-08-26,14.0,1
9878500255,2023-07-20,2023-07-29,72.0,1
9878500255,2023-07-29,2023-08-02,24.0,1
